DATAFLOW,LAST UPDATE,freq,indic_is,ind_type,unit,geo,TIME_PERIOD,OBS_VALUE,OBS_FLAG
ESTAT:ISOC_EC_IBUY$DEFAULTVIEW(1.0),07/03/23 11:00:00,A,I_BUY3,IND_TOTAL,PC_IND,AL,2018,3.39,
ESTAT:ISOC_EC_IBUY$DEFAULTVIEW(1.0),07/03/23 11:00:00,A,I_BUY3,IND_TOTAL,PC_IND,AL,2019,5.21,
ESTAT:ISOC_EC_IBUY$DEFAULTVIEW(1.0),07/03/23 11:00:00,A,I_BUY3,IND_TOTAL,PC_IND,AT,2010,31.71,
ESTAT:ISOC_EC_IBUY$DEFAULTVIEW(1.0),07/03/23 11:00:00,A,I_BUY3,IND_TOTAL,PC_IND,AT,2011,35.21,
ESTAT:ISOC_EC_IBUY$DEFAULTVIEW(1.0),07/03/23 11:00:00,A,I_BUY3,IND_TOTAL,PC_IND,AT,2012,38.81,
ESTAT:ISOC_EC_IBUY$DEFAULTVIEW(1.0),07/03/23 11:00:00,A,I_BUY3,IND_TOTAL,PC_IND,AT,2013,45.75,
ESTAT:ISOC_EC_IBUY$DEFAULTVIEW(1.0),07/03/23 11:00:00,A,I_BUY3,IND_TOTAL,PC_IND,AT,2014,43.39,
ESTAT:ISOC_EC_IBUY$DEFAULTVIEW(1.0),07/03/23 11:00:00,A,I_BUY3,IND_TOTAL,PC_IND,AT,2015,46.35,
ESTAT:ISOC_EC_IBUY$DEFAULTVIEW(1.0),07/03/23 11:00:00,A,I_BUY3,IND_TOTAL,PC_IND,AT,2016,47.67,
ESTAT:ISOC_EC_IBUY$DEFAULTVIEW(1.0),07/03/23 11:00:00,A,I_BUY3,IND_TOTAL,PC_IND,AT,2017,53.17,
ESTAT:ISOC_EC_IBUY$DEFAULTVIEW(1.0),07/03/23 11:00:00,A,I_BUY3,IND_TOTAL,PC_IND,AT,2018,52.67,
ESTAT:ISOC_EC_IBUY$DEFAULTVIEW(1.0),07/03/23 11:00:00,A,I_BUY3,IND_TOTAL,PC_IND,AT,2019,54.43,
ESTAT:ISOC_EC_IBUY$DEFAULTVIEW(1.0),07/03/23 11:00:00,A,I_BUY3,IND_TOTAL,PC_IND,BA,2018,13.73,
ESTAT:ISOC_EC_IBUY$DEFAULTVIEW(1.0),07/03/23 11:00:00,A,I_BUY3,IND_TOTAL,PC_IND,BA,2019,18.08,
ESTAT:ISOC_EC_IBUY$DEFAULTVIEW(1.0),07/03/23 11:00:00,A,I_BUY3,IND_TOTAL,PC_IND,BE,2010,26.89,
ESTAT:ISOC_EC_IBUY$DEFAULTVIEW(1.0),07/03/23 11:00:00,A,I_BUY3,IND_TOTAL,PC_IND,BE,2011,31.05,
ESTAT:ISOC_EC_IBUY$DEFAULTVIEW(1.0),07/03/23 11:00:00,A,I_BUY3,IND_TOTAL,PC_IND,BE,2012,32.94,
ESTAT:ISOC_EC_IBUY$DEFAULTVIEW(1.0),07/03/23 11:00:00,A,I_BUY3,IND_TOTAL,PC_IND,BE,2013,35.75,
ESTAT:ISOC_EC_IBUY$DEFAULTVIEW(1.0),07/03/23 11:00:00,A,I_BUY3,IND_TOTAL,PC_IND,BE,2014,40.92,
ESTAT:ISOC_EC_IBUY$DEFAULTVIEW(1.0),07/03/23 11:00:00,A,I_BUY3,IND_TOTAL,PC_IND,BE,2015,42.27,
ESTAT:ISOC_EC_IBUY$DEFAULTVIEW(1.0),07/03/23 11:00:00,A,I_BUY3,IND_TOTAL,PC_IND,BE,2016,46.35,
ESTAT:ISOC_EC_IBUY$DEFAULTVIEW(1.0),07/03/23 11:00:00,A,I_BUY3,IND_TOTAL,PC_IND,BE,2017,48.55,
ESTAT:ISOC_EC_IBUY$DEFAULTVIEW(1.0),07/03/23 11:00:00,A,I_BUY3,IND_TOTAL,PC_IND,BE,2018,49.02,
ESTAT:ISOC_EC_IBUY$DEFAULTVIEW(1.0),07/03/23 11:00:00,A,I_BUY3,IND_TOTAL,PC_IND,BE,2019,54.61,
ESTAT:ISOC_EC_IBUY$DEFAULTVIEW(1.0),07/03/23 11:00:00,A,I_BUY3,IND_TOTAL,PC_IND,BG,2010,3.24,
ESTAT:ISOC_EC_IBUY$DEFAULTVIEW(1.0),07/03/23 11:00:00,A,I_BUY3,IND_TOTAL,PC_IND,BG,2011,4.56,
ESTAT:ISOC_EC_IBUY$DEFAULTVIEW(1.0),07/03/23 11:00:00,A,I_BUY3,IND_TOTAL,PC_IND,BG,2012,5.57,
ESTAT:ISOC_EC_IBUY$DEFAULTVIEW(1.0),07/03/23 11:00:00,A,I_BUY3,IND_TOTAL,PC_IND,BG,2013,7.80,
ESTAT:ISOC_EC_IBUY$DEFAULTVIEW(1.0),07/03/23 11:00:00,A,I_BUY3,IND_TOTAL,PC_IND,BG,2014,10.03,
ESTAT:ISOC_EC_IBUY$DEFAULTVIEW(1.0),07/03/23 11:00:00,A,I_BUY3,IND_TOTAL,PC_IND,BG,2015,11.79,
ESTAT:ISOC_EC_IBUY$DEFAULTVIEW(1.0),07/03/23 11:00:00,A,I_BUY3,IND_TOTAL,PC_IND,BG,2016,11.23,
ESTAT:ISOC_EC_IBUY$DEFAULTVIEW(1.0),07/03/23 11:00:00,A,I_BUY3,IND_TOTAL,PC_IND,BG,2017,11.27,
ESTAT:ISOC_EC_IBUY$DEFAULTVIEW(1.0),07/03/23 11:00:00,A,I_BUY3,IND_TOTAL,PC_IND,BG,2018,12.95,
ESTAT:ISOC_EC_IBUY$DEFAULTVIEW(1.0),07/03/23 11:00:00,A,I_BUY3,IND_TOTAL,PC_IND,BG,2019,14.05,
ESTAT:ISOC_EC_IBUY$DEFAULTVIEW(1.0),07/03/23 11:00:00,A,I_BUY3,IND_TOTAL,PC_IND,CH,2014,61.53,
ESTAT:ISOC_EC_IBUY$DEFAULTVIEW(1.0),07/03/23 11:00:00,A,I_BUY3,IND_TOTAL,PC_IND,CH,2017,72.27,b
ESTAT:ISOC_EC_IBUY$DEFAULTVIEW(1.0),07/03/23 11:00:00,A,I_BUY3,IND_TOTAL,PC_IND,CH,2019,74.61,
ESTAT:ISOC_EC_IBUY$DEFAULTVIEW(1.0),07/03/23 11:00:00,A,I_BUY3,IND_TOTAL,PC_IND,CY,2010,14.09,
ESTAT:ISOC_EC_IBUY$DEFAULTVIEW(1.0),07/03/23 11:00:00,A,I_BUY3,IND_TOTAL,PC_IND,CY,2011,15.70,
ESTAT:ISOC_EC_IBUY$DEFAULTVIEW(1.0),07/03/23 11:00:00,A,I_BUY3,IND_TOTAL,PC_IND,CY,2012,17.22,
ESTAT:ISOC_EC_IBUY$DEFAULTVIEW(1.0),07/03/23 11:00:00,A,I_BUY3,IND_TOTAL,PC_IND,CY,2013,19.85,
ESTAT:ISOC_EC_IBUY$DEFAULTVIEW(1.0),07/03/23 11:00:00,A,I_BUY3,IND_TOTAL,PC_IND,CY,2014,23.06,
ESTAT:ISOC_EC_IBUY$DEFAULTVIEW(1.0),07/03/23 11:00:00,A,I_BUY3,IND_TOTAL,PC_IND,CY,2015,18.64,
ESTAT:ISOC_EC_IBUY$DEFAULTVIEW(1.0),07/03/23 11:00:00,A,I_BUY3,IND_TOTAL,PC_IND,CY,2016,22.14,
ESTAT:ISOC_EC_IBUY$DEFAULTVIEW(1.0),07/03/23 11:00:00,A,I_BUY3,IND_TOTAL,PC_IND,CY,2017,24.43,
ESTAT:ISOC_EC_IBUY$DEFAULTVIEW(1.0),07/03/23 11:00:00,A,I_BUY3,IND_TOTAL,PC_IND,CY,2018,19.70,
ESTAT:ISOC_EC_IBUY$DEFAULTVIEW(1.0),07/03/23 11:00:00,A,I_BUY3,IND_TOTAL,PC_IND,CY,2019,31.13,
ESTAT:ISOC_EC_IBUY$DEFAULTVIEW(1.0),07/03/23 11:00:00,A,I_BUY3,IND_TOTAL,PC_IND,CZ,2010,14.66,
ESTAT:ISOC_EC_IBUY$DEFAULTVIEW(1.0),07/03/23 11:00:00,A,I_BUY3,IND_TOTAL,PC_IND,CZ,2011,16.02,
ESTAT:ISOC_EC_IBUY$DEFAULTVIEW(1.0),07/03/23 11:00:00,A,I_BUY3,IND_TOTAL,PC_IND,CZ,2012,17.74,
ESTAT:ISOC_EC_IBUY$DEFAULTVIEW(1.0),07/03/23 11:00:00,A,I_BUY3,IND_TOTAL,PC_IND,CZ,2013,21.48,
ESTAT:ISOC_EC_IBUY$DEFAULTVIEW(1.0),07/03/23 11:00:00,A,I_BUY3,IND_TOTAL,PC_IND,CZ,2014,25.34,
ESTAT:ISOC_EC_IBUY$DEFAULTVIEW(1.0),07/03/23 11:00:00,A,I_BUY3,IND_TOTAL,PC_IND,CZ,2015,26.07,
ESTAT:ISOC_EC_IBUY$DEFAULTVIEW(1.0),07/03/23 11:00:00,A,I_BUY3,IND_TOTAL,PC_IND,CZ,2016,29.00,
ESTAT:ISOC_EC_IBUY$DEFAULTVIEW(1.0),07/03/23 11:00:00,A,I_BUY3,IND_TOTAL,PC_IND,CZ,2017,34.10,
ESTAT:ISOC_EC_IBUY$DEFAULTVIEW(1.0),07/03/23 11:00:00,A,I_BUY3,IND_TOTAL,PC_IND,CZ,2018,37.36,
ESTAT:ISOC_EC_IBUY$DEFAULTVIEW(1.0),07/03/23 11:00:00,A,I_BUY3,IND_TOTAL,PC_IND,CZ,2019,42.56,
ESTAT:ISOC_EC_IBUY$DEFAULTVIEW(1.0),07/03/23 11:00:00,A,I_BUY3,IND_TOTAL,PC_IND,DE,2010,48.32,
ESTAT:ISOC_EC_IBUY$DEFAULTVIEW(1.0),07/03/23 11:00:00,A,I_BUY3,IND_TOTAL,PC_IND,DE,2011,53.64,
ESTAT:ISOC_EC_IBUY$DEFAULTVIEW(1.0),07/03/23 11:00:00,A,I_BUY3,IND_TOTAL,PC_IND,DE,2012,55.45,
ESTAT:ISOC_EC_IBUY$DEFAULTVIEW(1.0),07/03/23 11:00:00,A,I_BUY3,IND_TOTAL,PC_IND,DE,2013,59.77,
ESTAT:ISOC_EC_IBUY$DEFAULTVIEW(1.0),07/03/23 11:00:00,A,I_BUY3,IND_TOTAL,PC_IND,DE,2014,61.35,
ESTAT:ISOC_EC_IBUY$DEFAULTVIEW(1.0),07/03/23 11:00:00,A,I_BUY3,IND_TOTAL,PC_IND,DE,2015,63.84,
ESTAT:ISOC_EC_IBUY$DEFAULTVIEW(1.0),07/03/23 11:00:00,A,I_BUY3,IND_TOTAL,PC_IND,DE,2016,64.40,
ESTAT:ISOC_EC_IBUY$DEFAULTVIEW(1.0),07/03/23 11:00:00,A,I_BUY3,IND_TOTAL,PC_IND,DE,2017,66.30,
ESTAT:ISOC_EC_IBUY$DEFAULTVIEW(1.0),07/03/23 11:00:00,A,I_BUY3,IND_TOTAL,PC_IND,DE,2018,67.85,
ESTAT:ISOC_EC_IBUY$DEFAULTVIEW(1.0),07/03/23 11:00:00,A,I_BUY3,IND_TOTAL,PC_IND,DE,2019,71.01,
ESTAT:ISOC_EC_IBUY$DEFAULTVIEW(1.0),07/03/23 11:00:00,A,I_BUY3,IND_TOTAL,PC_IND,DK,2010,53.97,
ESTAT:ISOC_EC_IBUY$DEFAULTVIEW(1.0),07/03/23 11:00:00,A,I_BUY3,IND_TOTAL,PC_IND,DK,2011,57.26,
ESTAT:ISOC_EC_IBUY$DEFAULTVIEW(1.0),07/03/23 11:00:00,A,I_BUY3,IND_TOTAL,PC_IND,DK,2012,60.41,
ESTAT:ISOC_EC_IBUY$DEFAULTVIEW(1.0),07/03/23 11:00:00,A,I_BUY3,IND_TOTAL,PC_IND,DK,2013,65.00,
ESTAT:ISOC_EC_IBUY$DEFAULTVIEW(1.0),07/03/23 11:00:00,A,I_BUY3,IND_TOTAL,PC_IND,DK,2014,66.40,
ESTAT:ISOC_EC_IBUY$DEFAULTVIEW(1.0),07/03/23 11:00:00,A,I_BUY3,IND_TOTAL,PC_IND,DK,2015,67.34,
ESTAT:ISOC_EC_IBUY$DEFAULTVIEW(1.0),07/03/23 11:00:00,A,I_BUY3,IND_TOTAL,PC_IND,DK,2016,71.12,
ESTAT:ISOC_EC_IBUY$DEFAULTVIEW(1.0),07/03/23 11:00:00,A,I_BUY3,IND_TOTAL,PC_IND,DK,2017,68.82,
ESTAT:ISOC_EC_IBUY$DEFAULTVIEW(1.0),07/03/23 11:00:00,A,I_BUY3,IND_TOTAL,PC_IND,DK,2018,73.04,
ESTAT:ISOC_EC_IBUY$DEFAULTVIEW(1.0),07/03/23 11:00:00,A,I_BUY3,IND_TOTAL,PC_IND,DK,2019,73.89,
ESTAT:ISOC_EC_IBUY$DEFAULTVIEW(1.0),07/03/23 11:00:00,A,I_BUY3,IND_TOTAL,PC_IND,EA,2010,30.47,
ESTAT:ISOC_EC_IBUY$DEFAULTVIEW(1.0),07/03/23 11:00:00,A,I_BUY3,IND_TOTAL,PC_IND,EA,2011,32.83,
ESTAT:ISOC_EC_IBUY$DEFAULTVIEW(1.0),07/03/23 11:00:00,A,I_BUY3,IND_TOTAL,PC_IND,EA,2012,34.67,
ESTAT:ISOC_EC_IBUY$DEFAULTVIEW(1.0),07/03/23 11:00:00,A,I_BUY3,IND_TOTAL,PC_IND,EA,2013,37.43,
ESTAT:ISOC_EC_IBUY$DEFAULTVIEW(1.0),07/03/23 11:00:00,A,I_BUY3,IND_TOTAL,PC_IND,EA,2014,40.16,
ESTAT:ISOC_EC_IBUY$DEFAULTVIEW(1.0),07/03/23 11:00:00,A,I_BUY3,IND_TOTAL,PC_IND,EA,2015,42.48,
ESTAT:ISOC_EC_IBUY$DEFAULTVIEW(1.0),07/03/23 11:00:00,A,I_BUY3,IND_TOTAL,PC_IND,EA,2016,44.39,
ESTAT:ISOC_EC_IBUY$DEFAULTVIEW(1.0),07/03/23 11:00:00,A,I_BUY3,IND_TOTAL,PC_IND,EA,2017,47.54,
ESTAT:ISOC_EC_IBUY$DEFAULTVIEW(1.0),07/03/23 11:00:00,A,I_BUY3,IND_TOTAL,PC_IND,EA,2018,49.44,
ESTAT:ISOC_EC_IBUY$DEFAULTVIEW(1.0),07/03/23 11:00:00,A,I_BUY3,IND_TOTAL,PC_IND,EA,2019,52.33,
ESTAT:ISOC_EC_IBUY$DEFAULTVIEW(1.0),07/03/23 11:00:00,A,I_BUY3,IND_TOTAL,PC_IND,EE,2010,13.26,
ESTAT:ISOC_EC_IBUY$DEFAULTVIEW(1.0),07/03/23 11:00:00,A,I_BUY3,IND_TOTAL,PC_IND,EE,2011,15.56,
ESTAT:ISOC_EC_IBUY$DEFAULTVIEW(1.0),07/03/23 11:00:00,A,I_BUY3,IND_TOTAL,PC_IND,EE,2012,16.64,
ESTAT:ISOC_EC_IBUY$DEFAULTVIEW(1.0),07/03/23 11:00:00,A,I_BUY3,IND_TOTAL,PC_IND,EE,2013,16.31,
ESTAT:ISOC_EC_IBUY$DEFAULTVIEW(1.0),07/03/23 11:00:00,A,I_BUY3,IND_TOTAL,PC_IND,EE,2014,36.93,b
ESTAT:ISOC_EC_IBUY$DEFAULTVIEW(1.0),07/03/23 11:00:00,A,I_BUY3,IND_TOTAL,PC_IND,EE,2015,45.84,
ESTAT:ISOC_EC_IBUY$DEFAULTVIEW(1.0),07/03/23 11:00:00,A,I_BUY3,IND_TOTAL,PC_IND,EE,2016,45.03,
ESTAT:ISOC_EC_IBUY$DEFAULTVIEW(1.0),07/03/23 11:00:00,A,I_BUY3,IND_TOTAL,PC_IND,EE,2017,46.15,
ESTAT:ISOC_EC_IBUY$DEFAULTVIEW(1.0),07/03/23 11:00:00,A,I_BUY3,IND_TOTAL,PC_IND,EE,2018,50.60,
ESTAT:ISOC_EC_IBUY$DEFAULTVIEW(1.0),07/03/23 11:00:00,A,I_BUY3,IND_TOTAL,PC_IND,EE,2019,56.30,
ESTAT:ISOC_EC_IBUY$DEFAULTVIEW(1.0),07/03/23 11:00:00,A,I_BUY3,IND_TOTAL,PC_IND,EL,2010,8.74,
ESTAT:ISOC_EC_IBUY$DEFAULTVIEW(1.0),07/03/23 11:00:00,A,I_BUY3,IND_TOTAL,PC_IND,EL,2011,13.03,
ESTAT:ISOC_EC_IBUY$DEFAULTVIEW(1.0),07/03/23 11:00:00,A,I_BUY3,IND_TOTAL,PC_IND,EL,2012,15.59,
ESTAT:ISOC_EC_IBUY$DEFAULTVIEW(1.0),07/03/23 11:00:00,A,I_BUY3,IND_TOTAL,PC_IND,EL,2013,17.18,
ESTAT:ISOC_EC_IBUY$DEFAULTVIEW(1.0),07/03/23 11:00:00,A,I_BUY3,IND_TOTAL,PC_IND,EL,2014,19.81,
ESTAT:ISOC_EC_IBUY$DEFAULTVIEW(1.0),07/03/23 11:00:00,A,I_BUY3,IND_TOTAL,PC_IND,EL,2015,23.69,
ESTAT:ISOC_EC_IBUY$DEFAULTVIEW(1.0),07/03/23 11:00:00,A,I_BUY3,IND_TOTAL,PC_IND,EL,2016,23.44,
ESTAT:ISOC_EC_IBUY$DEFAULTVIEW(1.0),07/03/23 11:00:00,A,I_BUY3,IND_TOTAL,PC_IND,EL,2017,26.11,
ESTAT:ISOC_EC_IBUY$DEFAULTVIEW(1.0),07/03/23 11:00:00,A,I_BUY3,IND_TOTAL,PC_IND,EL,2018,30.13,
ESTAT:ISOC_EC_IBUY$DEFAULTVIEW(1.0),07/03/23 11:00:00,A,I_BUY3,IND_TOTAL,PC_IND,EL,2019,32.43,
ESTAT:ISOC_EC_IBUY$DEFAULTVIEW(1.0),07/03/23 11:00:00,A,I_BUY3,IND_TOTAL,PC_IND,ES,2010,16.95,
ESTAT:ISOC_EC_IBUY$DEFAULTVIEW(1.0),07/03/23 11:00:00,A,I_BUY3,IND_TOTAL,PC_IND,ES,2011,18.65,
ESTAT:ISOC_EC_IBUY$DEFAULTVIEW(1.0),07/03/23 11:00:00,A,I_BUY3,IND_TOTAL,PC_IND,ES,2012,21.72,
ESTAT:ISOC_EC_IBUY$DEFAULTVIEW(1.0),07/03/23 11:00:00,A,I_BUY3,IND_TOTAL,PC_IND,ES,2013,22.86,
ESTAT:ISOC_EC_IBUY$DEFAULTVIEW(1.0),07/03/23 11:00:00,A,I_BUY3,IND_TOTAL,PC_IND,ES,2014,27.53,
ESTAT:ISOC_EC_IBUY$DEFAULTVIEW(1.0),07/03/23 11:00:00,A,I_BUY3,IND_TOTAL,PC_IND,ES,2015,32.07,
ESTAT:ISOC_EC_IBUY$DEFAULTVIEW(1.0),07/03/23 11:00:00,A,I_BUY3,IND_TOTAL,PC_IND,ES,2016,34.90,
ESTAT:ISOC_EC_IBUY$DEFAULTVIEW(1.0),07/03/23 11:00:00,A,I_BUY3,IND_TOTAL,PC_IND,ES,2017,40.02,
ESTAT:ISOC_EC_IBUY$DEFAULTVIEW(1.0),07/03/23 11:00:00,A,I_BUY3,IND_TOTAL,PC_IND,ES,2018,43.46,
ESTAT:ISOC_EC_IBUY$DEFAULTVIEW(1.0),07/03/23 11:00:00,A,I_BUY3,IND_TOTAL,PC_IND,ES,2019,46.93,
ESTAT:ISOC_EC_IBUY$DEFAULTVIEW(1.0),07/03/23 11:00:00,A,I_BUY3,IND_TOTAL,PC_IND,EU15,2010,36.10,
ESTAT:ISOC_EC_IBUY$DEFAULTVIEW(1.0),07/03/23 11:00:00,A,I_BUY3,IND_TOTAL,PC_IND,EU15,2011,38.68,
ESTAT:ISOC_EC_IBUY$DEFAULTVIEW(1.0),07/03/23 11:00:00,A,I_BUY3,IND_TOTAL,PC_IND,EU15,2012,40.36,
ESTAT:ISOC_EC_IBUY$DEFAULTVIEW(1.0),07/03/23 11:00:00,A,I_BUY3,IND_TOTAL,PC_IND,EU15,2013,43.70,
ESTAT:ISOC_EC_IBUY$DEFAULTVIEW(1.0),07/03/23 11:00:00,A,I_BUY3,IND_TOTAL,PC_IND,EU15,2014,46.49,
ESTAT:ISOC_EC_IBUY$DEFAULTVIEW(1.0),07/03/23 11:00:00,A,I_BUY3,IND_TOTAL,PC_IND,EU15,2015,48.55,
ESTAT:ISOC_EC_IBUY$DEFAULTVIEW(1.0),07/03/23 11:00:00,A,I_BUY3,IND_TOTAL,PC_IND,EU15,2016,50.92,
ESTAT:ISOC_EC_IBUY$DEFAULTVIEW(1.0),07/03/23 11:00:00,A,I_BUY3,IND_TOTAL,PC_IND,EU15,2017,53.49,
ESTAT:ISOC_EC_IBUY$DEFAULTVIEW(1.0),07/03/23 11:00:00,A,I_BUY3,IND_TOTAL,PC_IND,EU15,2018,54.89,
ESTAT:ISOC_EC_IBUY$DEFAULTVIEW(1.0),07/03/23 11:00:00,A,I_BUY3,IND_TOTAL,PC_IND,EU25,2010,32.98,
ESTAT:ISOC_EC_IBUY$DEFAULTVIEW(1.0),07/03/23 11:00:00,A,I_BUY3,IND_TOTAL,PC_IND,EU27_2007,2010,31.13,
ESTAT:ISOC_EC_IBUY$DEFAULTVIEW(1.0),07/03/23 11:00:00,A,I_BUY3,IND_TOTAL,PC_IND,EU27_2007,2011,33.47,
ESTAT:ISOC_EC_IBUY$DEFAULTVIEW(1.0),07/03/23 11:00:00,A,I_BUY3,IND_TOTAL,PC_IND,EU27_2007,2012,35.04,
ESTAT:ISOC_EC_IBUY$DEFAULTVIEW(1.0),07/03/23 11:00:00,A,I_BUY3,IND_TOTAL,PC_IND,EU27_2007,2013,38.11,
ESTAT:ISOC_EC_IBUY$DEFAULTVIEW(1.0),07/03/23 11:00:00,A,I_BUY3,IND_TOTAL,PC_IND,EU27_2007,2014,40.89,
ESTAT:ISOC_EC_IBUY$DEFAULTVIEW(1.0),07/03/23 11:00:00,A,I_BUY3,IND_TOTAL,PC_IND,EU27_2007,2015,42.82,
ESTAT:ISOC_EC_IBUY$DEFAULTVIEW(1.0),07/03/23 11:00:00,A,I_BUY3,IND_TOTAL,PC_IND,EU27_2007,2016,45.52,
ESTAT:ISOC_EC_IBUY$DEFAULTVIEW(1.0),07/03/23 11:00:00,A,I_BUY3,IND_TOTAL,PC_IND,EU27_2007,2017,48.17,
ESTAT:ISOC_EC_IBUY$DEFAULTVIEW(1.0),07/03/23 11:00:00,A,I_BUY3,IND_TOTAL,PC_IND,EU27_2007,2018,49.89,
ESTAT:ISOC_EC_IBUY$DEFAULTVIEW(1.0),07/03/23 11:00:00,A,I_BUY3,IND_TOTAL,PC_IND,EU27_2020,2010,26.94,
ESTAT:ISOC_EC_IBUY$DEFAULTVIEW(1.0),07/03/23 11:00:00,A,I_BUY3,IND_TOTAL,PC_IND,EU27_2020,2011,29.12,
ESTAT:ISOC_EC_IBUY$DEFAULTVIEW(1.0),07/03/23 11:00:00,A,I_BUY3,IND_TOTAL,PC_IND,EU27_2020,2012,30.86,
ESTAT:ISOC_EC_IBUY$DEFAULTVIEW(1.0),07/03/23 11:00:00,A,I_BUY3,IND_TOTAL,PC_IND,EU27_2020,2013,33.46,
ESTAT:ISOC_EC_IBUY$DEFAULTVIEW(1.0),07/03/23 11:00:00,A,I_BUY3,IND_TOTAL,PC_IND,EU27_2020,2014,36.24,
ESTAT:ISOC_EC_IBUY$DEFAULTVIEW(1.0),07/03/23 11:00:00,A,I_BUY3,IND_TOTAL,PC_IND,EU27_2020,2015,38.33,
ESTAT:ISOC_EC_IBUY$DEFAULTVIEW(1.0),07/03/23 11:00:00,A,I_BUY3,IND_TOTAL,PC_IND,EU27_2020,2016,40.71,
ESTAT:ISOC_EC_IBUY$DEFAULTVIEW(1.0),07/03/23 11:00:00,A,I_BUY3,IND_TOTAL,PC_IND,EU27_2020,2017,43.65,
ESTAT:ISOC_EC_IBUY$DEFAULTVIEW(1.0),07/03/23 11:00:00,A,I_BUY3,IND_TOTAL,PC_IND,EU27_2020,2018,45.79,
ESTAT:ISOC_EC_IBUY$DEFAULTVIEW(1.0),07/03/23 11:00:00,A,I_BUY3,IND_TOTAL,PC_IND,EU27_2020,2019,48.97,
ESTAT:ISOC_EC_IBUY$DEFAULTVIEW(1.0),07/03/23 11:00:00,A,I_BUY3,IND_TOTAL,PC_IND,EU28,2010,30.94,
ESTAT:ISOC_EC_IBUY$DEFAULTVIEW(1.0),07/03/23 11:00:00,A,I_BUY3,IND_TOTAL,PC_IND,EU28,2011,33.27,
ESTAT:ISOC_EC_IBUY$DEFAULTVIEW(1.0),07/03/23 11:00:00,A,I_BUY3,IND_TOTAL,PC_IND,EU28,2012,34.87,
ESTAT:ISOC_EC_IBUY$DEFAULTVIEW(1.0),07/03/23 11:00:00,A,I_BUY3,IND_TOTAL,PC_IND,EU28,2013,37.94,
ESTAT:ISOC_EC_IBUY$DEFAULTVIEW(1.0),07/03/23 11:00:00,A,I_BUY3,IND_TOTAL,PC_IND,EU28,2014,40.73,
ESTAT:ISOC_EC_IBUY$DEFAULTVIEW(1.0),07/03/23 11:00:00,A,I_BUY3,IND_TOTAL,PC_IND,EU28,2015,42.68,
ESTAT:ISOC_EC_IBUY$DEFAULTVIEW(1.0),07/03/23 11:00:00,A,I_BUY3,IND_TOTAL,PC_IND,EU28,2016,45.35,
ESTAT:ISOC_EC_IBUY$DEFAULTVIEW(1.0),07/03/23 11:00:00,A,I_BUY3,IND_TOTAL,PC_IND,EU28,2017,47.94,
ESTAT:ISOC_EC_IBUY$DEFAULTVIEW(1.0),07/03/23 11:00:00,A,I_BUY3,IND_TOTAL,PC_IND,EU28,2018,49.71,
ESTAT:ISOC_EC_IBUY$DEFAULTVIEW(1.0),07/03/23 11:00:00,A,I_BUY3,IND_TOTAL,PC_IND,EU28,2019,52.92,
ESTAT:ISOC_EC_IBUY$DEFAULTVIEW(1.0),07/03/23 11:00:00,A,I_BUY3,IND_TOTAL,PC_IND,FI,2010,41.38,
ESTAT:ISOC_EC_IBUY$DEFAULTVIEW(1.0),07/03/23 11:00:00,A,I_BUY3,IND_TOTAL,PC_IND,FI,2011,45.40,
ESTAT:ISOC_EC_IBUY$DEFAULTVIEW(1.0),07/03/23 11:00:00,A,I_BUY3,IND_TOTAL,PC_IND,FI,2012,47.19,
ESTAT:ISOC_EC_IBUY$DEFAULTVIEW(1.0),07/03/23 11:00:00,A,I_BUY3,IND_TOTAL,PC_IND,FI,2013,48.61,
ESTAT:ISOC_EC_IBUY$DEFAULTVIEW(1.0),07/03/23 11:00:00,A,I_BUY3,IND_TOTAL,PC_IND,FI,2014,52.77,
ESTAT:ISOC_EC_IBUY$DEFAULTVIEW(1.0),07/03/23 11:00:00,A,I_BUY3,IND_TOTAL,PC_IND,FI,2015,49.27,
ESTAT:ISOC_EC_IBUY$DEFAULTVIEW(1.0),07/03/23 11:00:00,A,I_BUY3,IND_TOTAL,PC_IND,FI,2016,47.90,
ESTAT:ISOC_EC_IBUY$DEFAULTVIEW(1.0),07/03/23 11:00:00,A,I_BUY3,IND_TOTAL,PC_IND,FI,2017,57.51,
ESTAT:ISOC_EC_IBUY$DEFAULTVIEW(1.0),07/03/23 11:00:00,A,I_BUY3,IND_TOTAL,PC_IND,FI,2018,51.20,
ESTAT:ISOC_EC_IBUY$DEFAULTVIEW(1.0),07/03/23 11:00:00,A,I_BUY3,IND_TOTAL,PC_IND,FI,2019,55.23,
ESTAT:ISOC_EC_IBUY$DEFAULTVIEW(1.0),07/03/23 11:00:00,A,I_BUY3,IND_TOTAL,PC_IND,FR,2010,40.29,
ESTAT:ISOC_EC_IBUY$DEFAULTVIEW(1.0),07/03/23 11:00:00,A,I_BUY3,IND_TOTAL,PC_IND,FR,2011,40.13,
ESTAT:ISOC_EC_IBUY$DEFAULTVIEW(1.0),07/03/23 11:00:00,A,I_BUY3,IND_TOTAL,PC_IND,FR,2012,42.37,
ESTAT:ISOC_EC_IBUY$DEFAULTVIEW(1.0),07/03/23 11:00:00,A,I_BUY3,IND_TOTAL,PC_IND,FR,2013,44.28,
ESTAT:ISOC_EC_IBUY$DEFAULTVIEW(1.0),07/03/23 11:00:00,A,I_BUY3,IND_TOTAL,PC_IND,FR,2014,48.75,
ESTAT:ISOC_EC_IBUY$DEFAULTVIEW(1.0),07/03/23 11:00:00,A,I_BUY3,IND_TOTAL,PC_IND,FR,2015,49.43,
ESTAT:ISOC_EC_IBUY$DEFAULTVIEW(1.0),07/03/23 11:00:00,A,I_BUY3,IND_TOTAL,PC_IND,FR,2016,52.27,
ESTAT:ISOC_EC_IBUY$DEFAULTVIEW(1.0),07/03/23 11:00:00,A,I_BUY3,IND_TOTAL,PC_IND,FR,2017,53.93,
ESTAT:ISOC_EC_IBUY$DEFAULTVIEW(1.0),07/03/23 11:00:00,A,I_BUY3,IND_TOTAL,PC_IND,FR,2018,55.33,
ESTAT:ISOC_EC_IBUY$DEFAULTVIEW(1.0),07/03/23 11:00:00,A,I_BUY3,IND_TOTAL,PC_IND,FR,2019,57.96,
ESTAT:ISOC_EC_IBUY$DEFAULTVIEW(1.0),07/03/23 11:00:00,A,I_BUY3,IND_TOTAL,PC_IND,HR,2010,9.34,
ESTAT:ISOC_EC_IBUY$DEFAULTVIEW(1.0),07/03/23 11:00:00,A,I_BUY3,IND_TOTAL,PC_IND,HR,2011,11.36,
ESTAT:ISOC_EC_IBUY$DEFAULTVIEW(1.0),07/03/23 11:00:00,A,I_BUY3,IND_TOTAL,PC_IND,HR,2012,16.04,
ESTAT:ISOC_EC_IBUY$DEFAULTVIEW(1.0),07/03/23 11:00:00,A,I_BUY3,IND_TOTAL,PC_IND,HR,2013,18.73,
ESTAT:ISOC_EC_IBUY$DEFAULTVIEW(1.0),07/03/23 11:00:00,A,I_BUY3,IND_TOTAL,PC_IND,HR,2014,21.59,
ESTAT:ISOC_EC_IBUY$DEFAULTVIEW(1.0),07/03/23 11:00:00,A,I_BUY3,IND_TOTAL,PC_IND,HR,2015,26.35,
ESTAT:ISOC_EC_IBUY$DEFAULTVIEW(1.0),07/03/23 11:00:00,A,I_BUY3,IND_TOTAL,PC_IND,HR,2016,25.42,
ESTAT:ISOC_EC_IBUY$DEFAULTVIEW(1.0),07/03/23 11:00:00,A,I_BUY3,IND_TOTAL,PC_IND,HR,2017,20.75,
ESTAT:ISOC_EC_IBUY$DEFAULTVIEW(1.0),07/03/23 11:00:00,A,I_BUY3,IND_TOTAL,PC_IND,HR,2018,27.03,
ESTAT:ISOC_EC_IBUY$DEFAULTVIEW(1.0),07/03/23 11:00:00,A,I_BUY3,IND_TOTAL,PC_IND,HR,2019,34.97,
ESTAT:ISOC_EC_IBUY$DEFAULTVIEW(1.0),07/03/23 11:00:00,A,I_BUY3,IND_TOTAL,PC_IND,HU,2010,10.23,
ESTAT:ISOC_EC_IBUY$DEFAULTVIEW(1.0),07/03/23 11:00:00,A,I_BUY3,IND_TOTAL,PC_IND,HU,2011,12.49,
ESTAT:ISOC_EC_IBUY$DEFAULTVIEW(1.0),07/03/23 11:00:00,A,I_BUY3,IND_TOTAL,PC_IND,HU,2012,14.74,
ESTAT:ISOC_EC_IBUY$DEFAULTVIEW(1.0),07/03/23 11:00:00,A,I_BUY3,IND_TOTAL,PC_IND,HU,2013,17.21,
ESTAT:ISOC_EC_IBUY$DEFAULTVIEW(1.0),07/03/23 11:00:00,A,I_BUY3,IND_TOTAL,PC_IND,HU,2014,20.16,
ESTAT:ISOC_EC_IBUY$DEFAULTVIEW(1.0),07/03/23 11:00:00,A,I_BUY3,IND_TOTAL,PC_IND,HU,2015,23.05,
ESTAT:ISOC_EC_IBUY$DEFAULTVIEW(1.0),07/03/23 11:00:00,A,I_BUY3,IND_TOTAL,PC_IND,HU,2016,26.57,
ESTAT:ISOC_EC_IBUY$DEFAULTVIEW(1.0),07/03/23 11:00:00,A,I_BUY3,IND_TOTAL,PC_IND,HU,2017,26.17,
ESTAT:ISOC_EC_IBUY$DEFAULTVIEW(1.0),07/03/23 11:00:00,A,I_BUY3,IND_TOTAL,PC_IND,HU,2018,28.75,
ESTAT:ISOC_EC_IBUY$DEFAULTVIEW(1.0),07/03/23 11:00:00,A,I_BUY3,IND_TOTAL,PC_IND,HU,2019,35.01,
ESTAT:ISOC_EC_IBUY$DEFAULTVIEW(1.0),07/03/23 11:00:00,A,I_BUY3,IND_TOTAL,PC_IND,IE,2010,27.86,
ESTAT:ISOC_EC_IBUY$DEFAULTVIEW(1.0),07/03/23 11:00:00,A,I_BUY3,IND_TOTAL,PC_IND,IE,2011,33.96,
ESTAT:ISOC_EC_IBUY$DEFAULTVIEW(1.0),07/03/23 11:00:00,A,I_BUY3,IND_TOTAL,PC_IND,IE,2012,35.27,
ESTAT:ISOC_EC_IBUY$DEFAULTVIEW(1.0),07/03/23 11:00:00,A,I_BUY3,IND_TOTAL,PC_IND,IE,2013,36.57,
ESTAT:ISOC_EC_IBUY$DEFAULTVIEW(1.0),07/03/23 11:00:00,A,I_BUY3,IND_TOTAL,PC_IND,IE,2014,43.19,
ESTAT:ISOC_EC_IBUY$DEFAULTVIEW(1.0),07/03/23 11:00:00,A,I_BUY3,IND_TOTAL,PC_IND,IE,2015,43.75,
ESTAT:ISOC_EC_IBUY$DEFAULTVIEW(1.0),07/03/23 11:00:00,A,I_BUY3,IND_TOTAL,PC_IND,IE,2016,41.35,
ESTAT:ISOC_EC_IBUY$DEFAULTVIEW(1.0),07/03/23 11:00:00,A,I_BUY3,IND_TOTAL,PC_IND,IE,2017,44.38,
ESTAT:ISOC_EC_IBUY$DEFAULTVIEW(1.0),07/03/23 11:00:00,A,I_BUY3,IND_TOTAL,PC_IND,IE,2018,52.06,
ESTAT:ISOC_EC_IBUY$DEFAULTVIEW(1.0),07/03/23 11:00:00,A,I_BUY3,IND_TOTAL,PC_IND,IE,2019,59.19,
ESTAT:ISOC_EC_IBUY$DEFAULTVIEW(1.0),07/03/23 11:00:00,A,I_BUY3,IND_TOTAL,PC_IND,IS,2010,29.03,
ESTAT:ISOC_EC_IBUY$DEFAULTVIEW(1.0),07/03/23 11:00:00,A,I_BUY3,IND_TOTAL,PC_IND,IS,2011,31.16,
ESTAT:ISOC_EC_IBUY$DEFAULTVIEW(1.0),07/03/23 11:00:00,A,I_BUY3,IND_TOTAL,PC_IND,IS,2012,35.14,
ESTAT:ISOC_EC_IBUY$DEFAULTVIEW(1.0),07/03/23 11:00:00,A,I_BUY3,IND_TOTAL,PC_IND,IS,2013,34.18,
ESTAT:ISOC_EC_IBUY$DEFAULTVIEW(1.0),07/03/23 11:00:00,A,I_BUY3,IND_TOTAL,PC_IND,IS,2014,48.21,
ESTAT:ISOC_EC_IBUY$DEFAULTVIEW(1.0),07/03/23 11:00:00,A,I_BUY3,IND_TOTAL,PC_IND,IS,2017,56.05,
ESTAT:ISOC_EC_IBUY$DEFAULTVIEW(1.0),07/03/23 11:00:00,A,I_BUY3,IND_TOTAL,PC_IND,IS,2018,58.58,
ESTAT:ISOC_EC_IBUY$DEFAULTVIEW(1.0),07/03/23 11:00:00,A,I_BUY3,IND_TOTAL,PC_IND,IS,2019,59.38,
ESTAT:ISOC_EC_IBUY$DEFAULTVIEW(1.0),07/03/23 11:00:00,A,I_BUY3,IND_TOTAL,PC_IND,IT,2010,9.28,
ESTAT:ISOC_EC_IBUY$DEFAULTVIEW(1.0),07/03/23 11:00:00,A,I_BUY3,IND_TOTAL,PC_IND,IT,2011,10.38,
ESTAT:ISOC_EC_IBUY$DEFAULTVIEW(1.0),07/03/23 11:00:00,A,I_BUY3,IND_TOTAL,PC_IND,IT,2012,10.93,
ESTAT:ISOC_EC_IBUY$DEFAULTVIEW(1.0),07/03/23 11:00:00,A,I_BUY3,IND_TOTAL,PC_IND,IT,2013,13.73,
ESTAT:ISOC_EC_IBUY$DEFAULTVIEW(1.0),07/03/23 11:00:00,A,I_BUY3,IND_TOTAL,PC_IND,IT,2014,15.21,
ESTAT:ISOC_EC_IBUY$DEFAULTVIEW(1.0),07/03/23 11:00:00,A,I_BUY3,IND_TOTAL,PC_IND,IT,2015,18.09,
ESTAT:ISOC_EC_IBUY$DEFAULTVIEW(1.0),07/03/23 11:00:00,A,I_BUY3,IND_TOTAL,PC_IND,IT,2016,20.11,
ESTAT:ISOC_EC_IBUY$DEFAULTVIEW(1.0),07/03/23 11:00:00,A,I_BUY3,IND_TOTAL,PC_IND,IT,2017,23.01,
ESTAT:ISOC_EC_IBUY$DEFAULTVIEW(1.0),07/03/23 11:00:00,A,I_BUY3,IND_TOTAL,PC_IND,IT,2018,25.72,
ESTAT:ISOC_EC_IBUY$DEFAULTVIEW(1.0),07/03/23 11:00:00,A,I_BUY3,IND_TOTAL,PC_IND,IT,2019,28.15,
ESTAT:ISOC_EC_IBUY$DEFAULTVIEW(1.0),07/03/23 11:00:00,A,I_BUY3,IND_TOTAL,PC_IND,LT,2010,6.63,
ESTAT:ISOC_EC_IBUY$DEFAULTVIEW(1.0),07/03/23 11:00:00,A,I_BUY3,IND_TOTAL,PC_IND,LT,2011,10.45,
ESTAT:ISOC_EC_IBUY$DEFAULTVIEW(1.0),07/03/23 11:00:00,A,I_BUY3,IND_TOTAL,PC_IND,LT,2012,13.69,
ESTAT:ISOC_EC_IBUY$DEFAULTVIEW(1.0),07/03/23 11:00:00,A,I_BUY3,IND_TOTAL,PC_IND,LT,2013,18.61,
ESTAT:ISOC_EC_IBUY$DEFAULTVIEW(1.0),07/03/23 11:00:00,A,I_BUY3,IND_TOTAL,PC_IND,LT,2014,18.51,
ESTAT:ISOC_EC_IBUY$DEFAULTVIEW(1.0),07/03/23 11:00:00,A,I_BUY3,IND_TOTAL,PC_IND,LT,2015,21.95,
ESTAT:ISOC_EC_IBUY$DEFAULTVIEW(1.0),07/03/23 11:00:00,A,I_BUY3,IND_TOTAL,PC_IND,LT,2016,24.27,
ESTAT:ISOC_EC_IBUY$DEFAULTVIEW(1.0),07/03/23 11:00:00,A,I_BUY3,IND_TOTAL,PC_IND,LT,2017,29.37,
ESTAT:ISOC_EC_IBUY$DEFAULTVIEW(1.0),07/03/23 11:00:00,A,I_BUY3,IND_TOTAL,PC_IND,LT,2018,34.08,
ESTAT:ISOC_EC_IBUY$DEFAULTVIEW(1.0),07/03/23 11:00:00,A,I_BUY3,IND_TOTAL,PC_IND,LT,2019,37.88,
ESTAT:ISOC_EC_IBUY$DEFAULTVIEW(1.0),07/03/23 11:00:00,A,I_BUY3,IND_TOTAL,PC_IND,LU,2010,46.70,
ESTAT:ISOC_EC_IBUY$DEFAULTVIEW(1.0),07/03/23 11:00:00,A,I_BUY3,IND_TOTAL,PC_IND,LU,2011,52.39,
ESTAT:ISOC_EC_IBUY$DEFAULTVIEW(1.0),07/03/23 11:00:00,A,I_BUY3,IND_TOTAL,PC_IND,LU,2012,57.26,
ESTAT:ISOC_EC_IBUY$DEFAULTVIEW(1.0),07/03/23 11:00:00,A,I_BUY3,IND_TOTAL,PC_IND,LU,2013,58.61,
ESTAT:ISOC_EC_IBUY$DEFAULTVIEW(1.0),07/03/23 11:00:00,A,I_BUY3,IND_TOTAL,PC_IND,LU,2014,62.39,
ESTAT:ISOC_EC_IBUY$DEFAULTVIEW(1.0),07/03/23 11:00:00,A,I_BUY3,IND_TOTAL,PC_IND,LU,2015,63.49,
ESTAT:ISOC_EC_IBUY$DEFAULTVIEW(1.0),07/03/23 11:00:00,A,I_BUY3,IND_TOTAL,PC_IND,LU,2016,68.64,
ESTAT:ISOC_EC_IBUY$DEFAULTVIEW(1.0),07/03/23 11:00:00,A,I_BUY3,IND_TOTAL,PC_IND,LU,2017,69.40,
ESTAT:ISOC_EC_IBUY$DEFAULTVIEW(1.0),07/03/23 11:00:00,A,I_BUY3,IND_TOTAL,PC_IND,LU,2018,59.81,b
ESTAT:ISOC_EC_IBUY$DEFAULTVIEW(1.0),07/03/23 11:00:00,A,I_BUY3,IND_TOTAL,PC_IND,LU,2019,62.71,
ESTAT:ISOC_EC_IBUY$DEFAULTVIEW(1.0),07/03/23 11:00:00,A,I_BUY3,IND_TOTAL,PC_IND,LV,2010,8.48,
ESTAT:ISOC_EC_IBUY$DEFAULTVIEW(1.0),07/03/23 11:00:00,A,I_BUY3,IND_TOTAL,PC_IND,LV,2011,9.81,
ESTAT:ISOC_EC_IBUY$DEFAULTVIEW(1.0),07/03/23 11:00:00,A,I_BUY3,IND_TOTAL,PC_IND,LV,2012,17.66,
ESTAT:ISOC_EC_IBUY$DEFAULTVIEW(1.0),07/03/23 11:00:00,A,I_BUY3,IND_TOTAL,PC_IND,LV,2013,21.29,
ESTAT:ISOC_EC_IBUY$DEFAULTVIEW(1.0),07/03/23 11:00:00,A,I_BUY3,IND_TOTAL,PC_IND,LV,2014,23.69,
ESTAT:ISOC_EC_IBUY$DEFAULTVIEW(1.0),07/03/23 11:00:00,A,I_BUY3,IND_TOTAL,PC_IND,LV,2015,27.39,
ESTAT:ISOC_EC_IBUY$DEFAULTVIEW(1.0),07/03/23 11:00:00,A,I_BUY3,IND_TOTAL,PC_IND,LV,2016,31.07,b
ESTAT:ISOC_EC_IBUY$DEFAULTVIEW(1.0),07/03/23 11:00:00,A,I_BUY3,IND_TOTAL,PC_IND,LV,2017,33.10,
ESTAT:ISOC_EC_IBUY$DEFAULTVIEW(1.0),07/03/23 11:00:00,A,I_BUY3,IND_TOTAL,PC_IND,LV,2018,32.80,
ESTAT:ISOC_EC_IBUY$DEFAULTVIEW(1.0),07/03/23 11:00:00,A,I_BUY3,IND_TOTAL,PC_IND,LV,2019,33.86,
ESTAT:ISOC_EC_IBUY$DEFAULTVIEW(1.0),07/03/23 11:00:00,A,I_BUY3,IND_TOTAL,PC_IND,ME,2012,4.04,
ESTAT:ISOC_EC_IBUY$DEFAULTVIEW(1.0),07/03/23 11:00:00,A,I_BUY3,IND_TOTAL,PC_IND,ME,2017,8.20,
ESTAT:ISOC_EC_IBUY$DEFAULTVIEW(1.0),07/03/23 11:00:00,A,I_BUY3,IND_TOTAL,PC_IND,ME,2018,8.39,
ESTAT:ISOC_EC_IBUY$DEFAULTVIEW(1.0),07/03/23 11:00:00,A,I_BUY3,IND_TOTAL,PC_IND,ME,2019,11.90,
ESTAT:ISOC_EC_IBUY$DEFAULTVIEW(1.0),07/03/23 11:00:00,A,I_BUY3,IND_TOTAL,PC_IND,MK,2010,2.35,
ESTAT:ISOC_EC_IBUY$DEFAULTVIEW(1.0),07/03/23 11:00:00,A,I_BUY3,IND_TOTAL,PC_IND,MK,2012,2.62,
ESTAT:ISOC_EC_IBUY$DEFAULTVIEW(1.0),07/03/23 11:00:00,A,I_BUY3,IND_TOTAL,PC_IND,MK,2013,3.66,
ESTAT:ISOC_EC_IBUY$DEFAULTVIEW(1.0),07/03/23 11:00:00,A,I_BUY3,IND_TOTAL,PC_IND,MK,2014,7.35,
ESTAT:ISOC_EC_IBUY$DEFAULTVIEW(1.0),07/03/23 11:00:00,A,I_BUY3,IND_TOTAL,PC_IND,MK,2015,7.71,
ESTAT:ISOC_EC_IBUY$DEFAULTVIEW(1.0),07/03/23 11:00:00,A,I_BUY3,IND_TOTAL,PC_IND,MK,2016,10.54,
ESTAT:ISOC_EC_IBUY$DEFAULTVIEW(1.0),07/03/23 11:00:00,A,I_BUY3,IND_TOTAL,PC_IND,MK,2017,10.13,
ESTAT:ISOC_EC_IBUY$DEFAULTVIEW(1.0),07/03/23 11:00:00,A,I_BUY3,IND_TOTAL,PC_IND,MK,2018,19.49,
ESTAT:ISOC_EC_IBUY$DEFAULTVIEW(1.0),07/03/23 11:00:00,A,I_BUY3,IND_TOTAL,PC_IND,MK,2019,22.37,
ESTAT:ISOC_EC_IBUY$DEFAULTVIEW(1.0),07/03/23 11:00:00,A,I_BUY3,IND_TOTAL,PC_IND,MT,2010,31.62,
ESTAT:ISOC_EC_IBUY$DEFAULTVIEW(1.0),07/03/23 11:00:00,A,I_BUY3,IND_TOTAL,PC_IND,MT,2011,34.92,
ESTAT:ISOC_EC_IBUY$DEFAULTVIEW(1.0),07/03/23 11:00:00,A,I_BUY3,IND_TOTAL,PC_IND,MT,2012,37.35,
ESTAT:ISOC_EC_IBUY$DEFAULTVIEW(1.0),07/03/23 11:00:00,A,I_BUY3,IND_TOTAL,PC_IND,MT,2013,38.64,
ESTAT:ISOC_EC_IBUY$DEFAULTVIEW(1.0),07/03/23 11:00:00,A,I_BUY3,IND_TOTAL,PC_IND,MT,2014,41.70,
ESTAT:ISOC_EC_IBUY$DEFAULTVIEW(1.0),07/03/23 11:00:00,A,I_BUY3,IND_TOTAL,PC_IND,MT,2015,44.11,
ESTAT:ISOC_EC_IBUY$DEFAULTVIEW(1.0),07/03/23 11:00:00,A,I_BUY3,IND_TOTAL,PC_IND,MT,2016,41.99,
ESTAT:ISOC_EC_IBUY$DEFAULTVIEW(1.0),07/03/23 11:00:00,A,I_BUY3,IND_TOTAL,PC_IND,MT,2017,43.45,
ESTAT:ISOC_EC_IBUY$DEFAULTVIEW(1.0),07/03/23 11:00:00,A,I_BUY3,IND_TOTAL,PC_IND,MT,2018,45.89,
ESTAT:ISOC_EC_IBUY$DEFAULTVIEW(1.0),07/03/23 11:00:00,A,I_BUY3,IND_TOTAL,PC_IND,MT,2019,49.55,
ESTAT:ISOC_EC_IBUY$DEFAULTVIEW(1.0),07/03/23 11:00:00,A,I_BUY3,IND_TOTAL,PC_IND,NL,2010,52.35,
ESTAT:ISOC_EC_IBUY$DEFAULTVIEW(1.0),07/03/23 11:00:00,A,I_BUY3,IND_TOTAL,PC_IND,NL,2011,53.21,
ESTAT:ISOC_EC_IBUY$DEFAULTVIEW(1.0),07/03/23 11:00:00,A,I_BUY3,IND_TOTAL,PC_IND,NL,2012,51.60,
ESTAT:ISOC_EC_IBUY$DEFAULTVIEW(1.0),07/03/23 11:00:00,A,I_BUY3,IND_TOTAL,PC_IND,NL,2013,55.34,
ESTAT:ISOC_EC_IBUY$DEFAULTVIEW(1.0),07/03/23 11:00:00,A,I_BUY3,IND_TOTAL,PC_IND,NL,2014,58.86,
ESTAT:ISOC_EC_IBUY$DEFAULTVIEW(1.0),07/03/23 11:00:00,A,I_BUY3,IND_TOTAL,PC_IND,NL,2015,59.39,
ESTAT:ISOC_EC_IBUY$DEFAULTVIEW(1.0),07/03/23 11:00:00,A,I_BUY3,IND_TOTAL,PC_IND,NL,2016,62.64,
ESTAT:ISOC_EC_IBUY$DEFAULTVIEW(1.0),07/03/23 11:00:00,A,I_BUY3,IND_TOTAL,PC_IND,NL,2017,68.05,
ESTAT:ISOC_EC_IBUY$DEFAULTVIEW(1.0),07/03/23 11:00:00,A,I_BUY3,IND_TOTAL,PC_IND,NL,2018,69.82,
ESTAT:ISOC_EC_IBUY$DEFAULTVIEW(1.0),07/03/23 11:00:00,A,I_BUY3,IND_TOTAL,PC_IND,NL,2019,69.88,
ESTAT:ISOC_EC_IBUY$DEFAULTVIEW(1.0),07/03/23 11:00:00,A,I_BUY3,IND_TOTAL,PC_IND,NO,2010,53.40,
ESTAT:ISOC_EC_IBUY$DEFAULTVIEW(1.0),07/03/23 11:00:00,A,I_BUY3,IND_TOTAL,PC_IND,NO,2011,57.19,
ESTAT:ISOC_EC_IBUY$DEFAULTVIEW(1.0),07/03/23 11:00:00,A,I_BUY3,IND_TOTAL,PC_IND,NO,2012,61.63,
ESTAT:ISOC_EC_IBUY$DEFAULTVIEW(1.0),07/03/23 11:00:00,A,I_BUY3,IND_TOTAL,PC_IND,NO,2013,56.10,
ESTAT:ISOC_EC_IBUY$DEFAULTVIEW(1.0),07/03/23 11:00:00,A,I_BUY3,IND_TOTAL,PC_IND,NO,2014,59.52,
ESTAT:ISOC_EC_IBUY$DEFAULTVIEW(1.0),07/03/23 11:00:00,A,I_BUY3,IND_TOTAL,PC_IND,NO,2015,61.00,
ESTAT:ISOC_EC_IBUY$DEFAULTVIEW(1.0),07/03/23 11:00:00,A,I_BUY3,IND_TOTAL,PC_IND,NO,2016,60.88,
ESTAT:ISOC_EC_IBUY$DEFAULTVIEW(1.0),07/03/23 11:00:00,A,I_BUY3,IND_TOTAL,PC_IND,NO,2017,62.08,
ESTAT:ISOC_EC_IBUY$DEFAULTVIEW(1.0),07/03/23 11:00:00,A,I_BUY3,IND_TOTAL,PC_IND,NO,2018,64.27,
ESTAT:ISOC_EC_IBUY$DEFAULTVIEW(1.0),07/03/23 11:00:00,A,I_BUY3,IND_TOTAL,PC_IND,NO,2019,67.08,
ESTAT:ISOC_EC_IBUY$DEFAULTVIEW(1.0),07/03/23 11:00:00,A,I_BUY3,IND_TOTAL,PC_IND,PL,2010,20.20,
ESTAT:ISOC_EC_IBUY$DEFAULTVIEW(1.0),07/03/23 11:00:00,A,I_BUY3,IND_TOTAL,PC_IND,PL,2011,20.01,
ESTAT:ISOC_EC_IBUY$DEFAULTVIEW(1.0),07/03/23 11:00:00,A,I_BUY3,IND_TOTAL,PC_IND,PL,2012,20.75,
ESTAT:ISOC_EC_IBUY$DEFAULTVIEW(1.0),07/03/23 11:00:00,A,I_BUY3,IND_TOTAL,PC_IND,PL,2013,22.61,
ESTAT:ISOC_EC_IBUY$DEFAULTVIEW(1.0),07/03/23 11:00:00,A,I_BUY3,IND_TOTAL,PC_IND,PL,2014,24.47,
ESTAT:ISOC_EC_IBUY$DEFAULTVIEW(1.0),07/03/23 11:00:00,A,I_BUY3,IND_TOTAL,PC_IND,PL,2015,24.08,
ESTAT:ISOC_EC_IBUY$DEFAULTVIEW(1.0),07/03/23 11:00:00,A,I_BUY3,IND_TOTAL,PC_IND,PL,2016,30.67,
ESTAT:ISOC_EC_IBUY$DEFAULTVIEW(1.0),07/03/23 11:00:00,A,I_BUY3,IND_TOTAL,PC_IND,PL,2017,33.11,
ESTAT:ISOC_EC_IBUY$DEFAULTVIEW(1.0),07/03/23 11:00:00,A,I_BUY3,IND_TOTAL,PC_IND,PL,2018,37.07,
ESTAT:ISOC_EC_IBUY$DEFAULTVIEW(1.0),07/03/23 11:00:00,A,I_BUY3,IND_TOTAL,PC_IND,PL,2019,41.39,
ESTAT:ISOC_EC_IBUY$DEFAULTVIEW(1.0),07/03/23 11:00:00,A,I_BUY3,IND_TOTAL,PC_IND,PT,2010,9.55,
ESTAT:ISOC_EC_IBUY$DEFAULTVIEW(1.0),07/03/23 11:00:00,A,I_BUY3,IND_TOTAL,PC_IND,PT,2011,10.33,
ESTAT:ISOC_EC_IBUY$DEFAULTVIEW(1.0),07/03/23 11:00:00,A,I_BUY3,IND_TOTAL,PC_IND,PT,2012,13.31,
ESTAT:ISOC_EC_IBUY$DEFAULTVIEW(1.0),07/03/23 11:00:00,A,I_BUY3,IND_TOTAL,PC_IND,PT,2013,14.76,
ESTAT:ISOC_EC_IBUY$DEFAULTVIEW(1.0),07/03/23 11:00:00,A,I_BUY3,IND_TOTAL,PC_IND,PT,2014,17.12,
ESTAT:ISOC_EC_IBUY$DEFAULTVIEW(1.0),07/03/23 11:00:00,A,I_BUY3,IND_TOTAL,PC_IND,PT,2015,22.63,
ESTAT:ISOC_EC_IBUY$DEFAULTVIEW(1.0),07/03/23 11:00:00,A,I_BUY3,IND_TOTAL,PC_IND,PT,2016,23.27,
ESTAT:ISOC_EC_IBUY$DEFAULTVIEW(1.0),07/03/23 11:00:00,A,I_BUY3,IND_TOTAL,PC_IND,PT,2017,25.45,
ESTAT:ISOC_EC_IBUY$DEFAULTVIEW(1.0),07/03/23 11:00:00,A,I_BUY3,IND_TOTAL,PC_IND,PT,2018,26.82,
ESTAT:ISOC_EC_IBUY$DEFAULTVIEW(1.0),07/03/23 11:00:00,A,I_BUY3,IND_TOTAL,PC_IND,PT,2019,28.22,
ESTAT:ISOC_EC_IBUY$DEFAULTVIEW(1.0),07/03/23 11:00:00,A,I_BUY3,IND_TOTAL,PC_IND,RO,2010,2.29,
ESTAT:ISOC_EC_IBUY$DEFAULTVIEW(1.0),07/03/23 11:00:00,A,I_BUY3,IND_TOTAL,PC_IND,RO,2011,3.52,
ESTAT:ISOC_EC_IBUY$DEFAULTVIEW(1.0),07/03/23 11:00:00,A,I_BUY3,IND_TOTAL,PC_IND,RO,2012,2.99,
ESTAT:ISOC_EC_IBUY$DEFAULTVIEW(1.0),07/03/23 11:00:00,A,I_BUY3,IND_TOTAL,PC_IND,RO,2013,4.54,
ESTAT:ISOC_EC_IBUY$DEFAULTVIEW(1.0),07/03/23 11:00:00,A,I_BUY3,IND_TOTAL,PC_IND,RO,2014,5.82,b
ESTAT:ISOC_EC_IBUY$DEFAULTVIEW(1.0),07/03/23 11:00:00,A,I_BUY3,IND_TOTAL,PC_IND,RO,2015,7.63,
ESTAT:ISOC_EC_IBUY$DEFAULTVIEW(1.0),07/03/23 11:00:00,A,I_BUY3,IND_TOTAL,PC_IND,RO,2016,7.75,
ESTAT:ISOC_EC_IBUY$DEFAULTVIEW(1.0),07/03/23 11:00:00,A,I_BUY3,IND_TOTAL,PC_IND,RO,2017,11.05,
ESTAT:ISOC_EC_IBUY$DEFAULTVIEW(1.0),07/03/23 11:00:00,A,I_BUY3,IND_TOTAL,PC_IND,RO,2018,13.48,
ESTAT:ISOC_EC_IBUY$DEFAULTVIEW(1.0),07/03/23 11:00:00,A,I_BUY3,IND_TOTAL,PC_IND,RO,2019,14.59,
ESTAT:ISOC_EC_IBUY$DEFAULTVIEW(1.0),07/03/23 11:00:00,A,I_BUY3,IND_TOTAL,PC_IND,RS,2015,15.31,
ESTAT:ISOC_EC_IBUY$DEFAULTVIEW(1.0),07/03/23 11:00:00,A,I_BUY3,IND_TOTAL,PC_IND,RS,2017,21.05,
ESTAT:ISOC_EC_IBUY$DEFAULTVIEW(1.0),07/03/23 11:00:00,A,I_BUY3,IND_TOTAL,PC_IND,RS,2018,23.40,
ESTAT:ISOC_EC_IBUY$DEFAULTVIEW(1.0),07/03/23 11:00:00,A,I_BUY3,IND_TOTAL,PC_IND,RS,2019,26.73,
ESTAT:ISOC_EC_IBUY$DEFAULTVIEW(1.0),07/03/23 11:00:00,A,I_BUY3,IND_TOTAL,PC_IND,SE,2010,49.88,
ESTAT:ISOC_EC_IBUY$DEFAULTVIEW(1.0),07/03/23 11:00:00,A,I_BUY3,IND_TOTAL,PC_IND,SE,2011,53.33,
ESTAT:ISOC_EC_IBUY$DEFAULTVIEW(1.0),07/03/23 11:00:00,A,I_BUY3,IND_TOTAL,PC_IND,SE,2012,58.09,
ESTAT:ISOC_EC_IBUY$DEFAULTVIEW(1.0),07/03/23 11:00:00,A,I_BUY3,IND_TOTAL,PC_IND,SE,2013,57.28,
ESTAT:ISOC_EC_IBUY$DEFAULTVIEW(1.0),07/03/23 11:00:00,A,I_BUY3,IND_TOTAL,PC_IND,SE,2014,61.52,
ESTAT:ISOC_EC_IBUY$DEFAULTVIEW(1.0),07/03/23 11:00:00,A,I_BUY3,IND_TOTAL,PC_IND,SE,2015,56.23,
ESTAT:ISOC_EC_IBUY$DEFAULTVIEW(1.0),07/03/23 11:00:00,A,I_BUY3,IND_TOTAL,PC_IND,SE,2016,62.76,b
ESTAT:ISOC_EC_IBUY$DEFAULTVIEW(1.0),07/03/23 11:00:00,A,I_BUY3,IND_TOTAL,PC_IND,SE,2017,67.36,
ESTAT:ISOC_EC_IBUY$DEFAULTVIEW(1.0),07/03/23 11:00:00,A,I_BUY3,IND_TOTAL,PC_IND,SE,2018,63.86,
ESTAT:ISOC_EC_IBUY$DEFAULTVIEW(1.0),07/03/23 11:00:00,A,I_BUY3,IND_TOTAL,PC_IND,SE,2019,70.29,
ESTAT:ISOC_EC_IBUY$DEFAULTVIEW(1.0),07/03/23 11:00:00,A,I_BUY3,IND_TOTAL,PC_IND,SI,2010,16.58,
ESTAT:ISOC_EC_IBUY$DEFAULTVIEW(1.0),07/03/23 11:00:00,A,I_BUY3,IND_TOTAL,PC_IND,SI,2011,20.19,
ESTAT:ISOC_EC_IBUY$DEFAULTVIEW(1.0),07/03/23 11:00:00,A,I_BUY3,IND_TOTAL,PC_IND,SI,2012,22.39,
ESTAT:ISOC_EC_IBUY$DEFAULTVIEW(1.0),07/03/23 11:00:00,A,I_BUY3,IND_TOTAL,PC_IND,SI,2013,24.51,
ESTAT:ISOC_EC_IBUY$DEFAULTVIEW(1.0),07/03/23 11:00:00,A,I_BUY3,IND_TOTAL,PC_IND,SI,2014,26.05,
ESTAT:ISOC_EC_IBUY$DEFAULTVIEW(1.0),07/03/23 11:00:00,A,I_BUY3,IND_TOTAL,PC_IND,SI,2015,27.94,
ESTAT:ISOC_EC_IBUY$DEFAULTVIEW(1.0),07/03/23 11:00:00,A,I_BUY3,IND_TOTAL,PC_IND,SI,2016,29.57,
ESTAT:ISOC_EC_IBUY$DEFAULTVIEW(1.0),07/03/23 11:00:00,A,I_BUY3,IND_TOTAL,PC_IND,SI,2017,34.70,
ESTAT:ISOC_EC_IBUY$DEFAULTVIEW(1.0),07/03/23 11:00:00,A,I_BUY3,IND_TOTAL,PC_IND,SI,2018,38.91,
ESTAT:ISOC_EC_IBUY$DEFAULTVIEW(1.0),07/03/23 11:00:00,A,I_BUY3,IND_TOTAL,PC_IND,SI,2019,44.79,
ESTAT:ISOC_EC_IBUY$DEFAULTVIEW(1.0),07/03/23 11:00:00,A,I_BUY3,IND_TOTAL,PC_IND,SK,2010,18.73,
ESTAT:ISOC_EC_IBUY$DEFAULTVIEW(1.0),07/03/23 11:00:00,A,I_BUY3,IND_TOTAL,PC_IND,SK,2011,23.02,
ESTAT:ISOC_EC_IBUY$DEFAULTVIEW(1.0),07/03/23 11:00:00,A,I_BUY3,IND_TOTAL,PC_IND,SK,2012,29.74,
ESTAT:ISOC_EC_IBUY$DEFAULTVIEW(1.0),07/03/23 11:00:00,A,I_BUY3,IND_TOTAL,PC_IND,SK,2013,29.51,
ESTAT:ISOC_EC_IBUY$DEFAULTVIEW(1.0),07/03/23 11:00:00,A,I_BUY3,IND_TOTAL,PC_IND,SK,2014,30.85,
ESTAT:ISOC_EC_IBUY$DEFAULTVIEW(1.0),07/03/23 11:00:00,A,I_BUY3,IND_TOTAL,PC_IND,SK,2015,34.54,
ESTAT:ISOC_EC_IBUY$DEFAULTVIEW(1.0),07/03/23 11:00:00,A,I_BUY3,IND_TOTAL,PC_IND,SK,2016,40.88,
ESTAT:ISOC_EC_IBUY$DEFAULTVIEW(1.0),07/03/23 11:00:00,A,I_BUY3,IND_TOTAL,PC_IND,SK,2017,46.27,
ESTAT:ISOC_EC_IBUY$DEFAULTVIEW(1.0),07/03/23 11:00:00,A,I_BUY3,IND_TOTAL,PC_IND,SK,2018,43.91,
ESTAT:ISOC_EC_IBUY$DEFAULTVIEW(1.0),07/03/23 11:00:00,A,I_BUY3,IND_TOTAL,PC_IND,SK,2019,46.76,
ESTAT:ISOC_EC_IBUY$DEFAULTVIEW(1.0),07/03/23 11:00:00,A,I_BUY3,IND_TOTAL,PC_IND,TR,2010,3.73,
ESTAT:ISOC_EC_IBUY$DEFAULTVIEW(1.0),07/03/23 11:00:00,A,I_BUY3,IND_TOTAL,PC_IND,TR,2012,6.80,
ESTAT:ISOC_EC_IBUY$DEFAULTVIEW(1.0),07/03/23 11:00:00,A,I_BUY3,IND_TOTAL,PC_IND,TR,2013,7.37,
ESTAT:ISOC_EC_IBUY$DEFAULTVIEW(1.0),07/03/23 11:00:00,A,I_BUY3,IND_TOTAL,PC_IND,TR,2014,9.46,
ESTAT:ISOC_EC_IBUY$DEFAULTVIEW(1.0),07/03/23 11:00:00,A,I_BUY3,IND_TOTAL,PC_IND,TR,2015,10.70,
ESTAT:ISOC_EC_IBUY$DEFAULTVIEW(1.0),07/03/23 11:00:00,A,I_BUY3,IND_TOTAL,PC_IND,TR,2016,12.61,
ESTAT:ISOC_EC_IBUY$DEFAULTVIEW(1.0),07/03/23 11:00:00,A,I_BUY3,IND_TOTAL,PC_IND,TR,2017,15.14,
ESTAT:ISOC_EC_IBUY$DEFAULTVIEW(1.0),07/03/23 11:00:00,A,I_BUY3,IND_TOTAL,PC_IND,TR,2018,18.66,
ESTAT:ISOC_EC_IBUY$DEFAULTVIEW(1.0),07/03/23 11:00:00,A,I_BUY3,IND_TOTAL,PC_IND,TR,2019,23.02,
ESTAT:ISOC_EC_IBUY$DEFAULTVIEW(1.0),07/03/23 11:00:00,A,I_BUY3,IND_TOTAL,PC_IND,UK,2010,60.30,
ESTAT:ISOC_EC_IBUY$DEFAULTVIEW(1.0),07/03/23 11:00:00,A,I_BUY3,IND_TOTAL,PC_IND,UK,2011,63.56,
ESTAT:ISOC_EC_IBUY$DEFAULTVIEW(1.0),07/03/23 11:00:00,A,I_BUY3,IND_TOTAL,PC_IND,UK,2012,64.09,
ESTAT:ISOC_EC_IBUY$DEFAULTVIEW(1.0),07/03/23 11:00:00,A,I_BUY3,IND_TOTAL,PC_IND,UK,2013,70.50,
ESTAT:ISOC_EC_IBUY$DEFAULTVIEW(1.0),07/03/23 11:00:00,A,I_BUY3,IND_TOTAL,PC_IND,UK,2014,72.44,
ESTAT:ISOC_EC_IBUY$DEFAULTVIEW(1.0),07/03/23 11:00:00,A,I_BUY3,IND_TOTAL,PC_IND,UK,2015,75.44,
ESTAT:ISOC_EC_IBUY$DEFAULTVIEW(1.0),07/03/23 11:00:00,A,I_BUY3,IND_TOTAL,PC_IND,UK,2016,77.57,
ESTAT:ISOC_EC_IBUY$DEFAULTVIEW(1.0),07/03/23 11:00:00,A,I_BUY3,IND_TOTAL,PC_IND,UK,2017,77.57,
ESTAT:ISOC_EC_IBUY$DEFAULTVIEW(1.0),07/03/23 11:00:00,A,I_BUY3,IND_TOTAL,PC_IND,UK,2018,76.67,
ESTAT:ISOC_EC_IBUY$DEFAULTVIEW(1.0),07/03/23 11:00:00,A,I_BUY3,IND_TOTAL,PC_IND,UK,2019,80.08,
ESTAT:ISOC_EC_IBUY$DEFAULTVIEW(1.0),07/03/23 11:00:00,A,I_BUY3,IND_TOTAL,PC_IND,XK,2017,3.22,
ESTAT:ISOC_EC_IBUY$DEFAULTVIEW(1.0),07/03/23 11:00:00,A,I_BUY3,IND_TOTAL,PC_IND,XK,2018,17.16,
ESTAT:ISOC_EC_IBUY$DEFAULTVIEW(1.0),07/03/23 11:00:00,A,I_BUY3,IND_TOTAL,PC_IND,XK,2019,22.69,
